<keymap version="1" name="Windows copy" parent="$default">
  <action id="Console.Execute.Multiline" />
  <action id="Console.SplitLine" />
  <action id="Debug">
    <keyboard-shortcut first-keystroke="ctrl quote" />
  </action>
  <action id="DirDiffMenu.SynchronizeDiff.All" />
  <action id="EditorSplitLine" />
  <action id="Images.Editor.ToggleGrid" />
  <action id="KotlinShellExecute" />
  <action id="Run">
    <keyboard-shortcut first-keystroke="ctrl enter" />
  </action>
  <action id="SplitChooser.Duplicate" />
  <action id="Terminal.SmartCommandExecution.Run" />
  <action id="TypeHierarchy">
    <keyboard-shortcut first-keystroke="ctrl h" />
    <keyboard-shortcut first-keystroke="ctrl t" />
  </action>
  <action id="Vcs.UpdateProject" />
  <action id="ViewSource" />
</keymap>